Split,Class,Filename,Area,Perimeter,Width,Height,Aspect_Ratio,Mean_Hue,Mean_Saturation,Mean_Value,Mean_Brightness
train,negative,negative_014.png,34961.0,817.9310202598572,213,168,1.2678571428571428,88.69449166666666,157.94526666666667,64.01335,55.04216666666667
train,negative,negative_003.png,24119.0,685.1614682674408,188,132,1.4242424242424243,64.48846666666667,168.6325,43.090175,38.39795
train,negative,negative_015.png,26965.0,726.1320307254791,199,139,1.4316546762589928,75.61994166666666,164.02821666666668,50.60840833333334,45.2528
train,negative,negative_017.png,25430.0,728.9604578018188,220,119,1.8487394957983194,60.88086666666667,168.93526666666668,46.87184166666667,42.17455833333333
train,negative,negative_013.png,33213.0,806.2152910232544,205,166,1.2349397590361446,57.97515,156.02418333333333,61.21756666666667,56.777233333333335
train,negative,negative_019.png,35693.0,826.4163014888763,211,173,1.2196531791907514,54.805566666666664,152.88054166666666,65.83874166666666,60.99941666666667
train,negative,negative_020.png,31695.0,826.558436870575,254,128,1.984375,70.307125,160.21773333333334,58.871,52.98735
train,negative,negative_016.png,26835.0,767.1025931835175,242,114,2.1228070175438596,75.666625,165.73015,49.31433333333333,42.712741666666666
train,negative,negative_007.png,21823.0,645.8477599620819,169,133,1.2706766917293233,70.80613333333334,175.11206666666666,42.24303333333334,35.568125
train,negative,negative_001.png,30572.0,757.64674949646,191,164,1.1646341463414633,72.43705833333334,160.8944,58.23513333333333,51.81088333333334
train,negative,negative_004.png,37425.0,857.3868639469147,232,165,1.406060606060606,62.55805,154.78010833333335,69.71921666666667,63.033
train,negative,negative_018.png,27811.0,731.1025931835175,176,162,1.0864197530864197,64.72164166666667,164.58338333333333,49.740516666666664,44.904583333333335
train,negative,negative_012.png,28149.0,775.7300097942352,233,124,1.8790322580645162,69.74026666666667,165.24649166666666,54.02675,48.224716666666666
train,negative,negative_009.png,35879.0,847.5289993286133,231,159,1.4528301886792452,52.144758333333336,157.358675,68.0648,62.79601666666667
train,negative,negative_005.png,27639.0,721.5046141147614,188,151,1.2450331125827814,66.360475,165.55005833333334,51.78084166666667,46.677875
train,negative,negative_006.png,25799.0,708.4751765727997,192,138,1.391304347826087,73.39189166666667,166.81970833333332,45.09139166666667,39.64680833333333
train,negative,negative_011.png,26634.0,770.6173119544983,249,110,2.2636363636363637,65.13795,164.43688333333333,50.902433333333335,46.182066666666664
train,negative,negative_010.png,32972.0,819.7300097942352,236,143,1.6503496503496504,65.19905,160.002875,59.80059166666667,53.99883333333333
train,negative,negative_002.png,23255.0,714.6173119544983,224,107,2.0934579439252334,72.72130833333334,171.01601666666667,43.841258333333336,37.858775
train,negative,negative_008.png,25303.0,719.1025931835175,205,127,1.6141732283464567,67.49973333333334,167.2644,46.78155833333334,42.036625
train,positive,positive_017.png,27821.0,758.2741661071777,225,127,1.7716535433070866,62.10624166666667,201.7347,60.292608333333334,29.522425
train,positive,positive_008.png,25968.0,703.64674949646,179,149,1.2013422818791946,85.201425,205.0808,48.30681666666667,21.868
train,positive,positive_012.png,30381.0,774.9604578018188,221,141,1.5673758865248226,48.61776666666667,204.84535,59.12788333333334,28.952891666666666
train,positive,positive_005.png,28482.0,741.445739030838,191,153,1.2483660130718954,49.543641666666666,201.63598333333334,48.964133333333336,28.575375
train,positive,positive_013.png,30523.0,774.4751765727997,222,141,1.574468085106383,48.331891666666664,199.4256,50.69813333333333,29.231125
train,positive,positive_007.png,30891.0,775.9310202598572,207,153,1.3529411764705883,54.7545,204.924475,56.91105,26.623975
train,positive,positive_003.png,36436.0,835.5878744125366,218,171,1.2748538011695907,45.694491666666664,192.5176,63.181808333333336,38.82185833333333
train,positive,positive_020.png,35921.0,832.4163014888763,220,167,1.3173652694610778,88.22206666666666,203.47730833333333,65.04080833333333,29.933275
train,positive,positive_019.png,42848.0,917.8721451759338,253,173,1.4624277456647399,43.325541666666666,190.604275,68.85505833333333,44.50775
train,positive,positive_018.png,30651.0,789.445739030838,233,135,1.7259259259259259,50.124425,200.43044166666667,69.075725,35.770041666666664
train,positive,positive_004.png,33103.0,827.2447285652161,246,138,1.7826086956521738,50.68629166666667,191.50385833333334,56.4146,34.06005833333333
train,positive,positive_016.png,33625.0,817.7300097942352,225,153,1.4705882352941178,54.99890833333333,203.60354166666667,70.88615,33.56004166666666
train,positive,positive_002.png,38877.0,871.1025931835175,247,161,1.5341614906832297,44.55815833333333,197.74168333333333,64.69535833333333,36.91640833333334
train,positive,positive_010.png,23774.0,702.9604578018188,209,117,1.7863247863247864,50.98381666666667,204.00660833333333,54.91405,29.07845
train,positive,positive_009.png,30740.0,787.9310202598572,227,139,1.6330935251798562,90.387775,203.18443333333335,64.16285,30.032825
train,positive,positive_011.png,34065.0,824.1320307254791,244,143,1.7062937062937062,46.39635833333333,198.47305,63.169383333333336,37.0286
train,positive,positive_006.png,28369.0,757.445739030838,219,133,1.6466165413533835,60.89584166666667,199.30269166666668,62.93001666666667,32.3218
train,positive,positive_001.png,24835.0,714.2741661071777,206,124,1.6612903225806452,67.69658333333334,203.39530833333333,47.27659166666667,22.405991666666665
train,positive,positive_014.png,31203.0,778.2741661071777,209,153,1.3660130718954249,48.13453333333333,192.58569166666666,52.186975,32.967175
train,positive,positive_015.png,34130.0,837.8721451759338,241,145,1.6620689655172414,47.03321666666667,204.60028333333332,72.422025,40.20698333333333
train,inconclusive,inconclusive_015.png,26240.0,727.445739030838,206,131,1.5725190839694656,81.23455,178.23199166666666,40.176633333333335,29.768466666666665
train,inconclusive,inconclusive_003.png,30678.0,769.64674949646,214,147,1.4557823129251701,72.40680833333333,176.15104166666666,50.1802,36.711725
train,inconclusive,inconclusive_009.png,26426.0,715.64674949646,194,140,1.3857142857142857,82.17270833333333,184.56915,40.840833333333336,27.468633333333333
train,inconclusive,inconclusive_006.png,37670.0,863.445739030838,252,153,1.6470588235294117,51.3576,165.18931666666666,61.36265,49.070525
train,inconclusive,inconclusive_001.png,26882.0,725.2447285652161,179,154,1.1623376623376624,86.05840833333333,187.50614166666668,45.4273,29.200258333333334
train,inconclusive,inconclusive_005.png,24486.0,698.9604578018188,194,130,1.4923076923076923,67.91116666666667,168.55089166666667,32.58495,28.234583333333333
train,inconclusive,inconclusive_008.png,21691.0,648.534051656723,183,122,1.5,55.66690833333333,180.57081666666667,30.740816666666667,25.595058333333334
train,inconclusive,inconclusive_004.png,39401.0,877.5878744125366,246,164,1.5,73.75471666666667,167.40775,61.64476666666667,46.06285
train,inconclusive,inconclusive_013.png,35907.0,851.5878744125366,250,147,1.7006802721088434,75.919875,152.495475,43.92134166666666,38.543325
train,inconclusive,inconclusive_020.png,32242.0,778.1320307254791,191,173,1.1040462427745665,56.302683333333334,172.62846666666667,54.301458333333336,41.84115833333333
train,inconclusive,inconclusive_016.png,43479.0,921.0437180995941,251,177,1.4180790960451977,84.47148333333334,165.387175,63.96435833333334,46.62596666666666
train,inconclusive,inconclusive_002.png,32817.0,796.0731556415558,200,168,1.1904761904761905,50.07190833333333,170.09879166666667,53.47694166666667,44.157358333333335
train,inconclusive,inconclusive_012.png,27678.0,732.2741661071777,188,151,1.2450331125827814,80.72083333333333,176.30948333333333,44.060858333333336,33.21286666666666
train,inconclusive,inconclusive_019.png,30972.0,791.0437180995941,216,147,1.469387755102041,88.268275,177.65955833333334,44.374516666666665,31.878408333333333
train,inconclusive,inconclusive_017.png,29446.0,786.9604578018188,244,124,1.967741935483871,58.987966666666665,181.70853333333332,50.439433333333334,35.21661666666667
train,inconclusive,inconclusive_018.png,26047.0,709.5046141147614,197,136,1.4485294117647058,79.94044166666667,182.59910833333333,38.10160833333333,26.498116666666668
train,inconclusive,inconclusive_010.png,24752.0,691.5046141147614,190,134,1.4179104477611941,80.93808333333334,183.63709166666666,36.442625,26.055958333333333
train,inconclusive,inconclusive_011.png,33187.0,825.9310202598572,248,137,1.8102189781021898,87.15775,174.03926666666666,47.349775,35.064933333333336
train,inconclusive,inconclusive_014.png,34903.0,834.7005722522736,226,158,1.4303797468354431,66.82505833333333,154.71898333333334,41.62695,36.616883333333334
train,inconclusive,inconclusive_007.png,23855.0,686.1320307254791,186,132,1.4090909090909092,76.58618333333334,171.32338333333334,36.101616666666665,30.319575
validation,negative,negative_003.png,31020.0,775.1025931835175,205,155,1.3225806451612903,63.19335,160.904925,58.699733333333334,53.358716666666666
validation,negative,negative_001.png,36387.0,852.558436870575,240,155,1.5483870967741935,85.78618333333333,156.20415833333334,67.8372,57.60348333333334
validation,negative,negative_004.png,28081.0,760.0731556415558,217,133,1.631578947368421,73.223575,162.90643333333333,49.233783333333335,43.69241666666667
validation,negative,negative_005.png,38266.0,865.5289993286133,226,173,1.30635838150289,55.445033333333335,149.12286666666665,69.33006666666667,64.75201666666666
validation,negative,negative_002.png,24929.0,701.7888848781586,190,135,1.4074074074074074,67.89739166666666,168.17556666666667,47.7104,42.887025
validation,positive,positive_005.png,21678.0,679.3036036491394,207,108,1.9166666666666667,52.790866666666666,200.76956666666666,49.655966666666664,26.609716666666667
validation,positive,positive_003.png,26967.0,739.445739030838,213,130,1.6384615384615384,64.01859166666667,204.50211666666667,60.31888333333333,27.370266666666666
validation,positive,positive_004.png,22928.0,701.445739030838,213,111,1.9189189189189189,51.84715,203.55190833333333,44.204708333333336,22.733575
validation,positive,positive_002.png,24728.0,718.1320307254791,216,118,1.8305084745762712,74.48034166666666,204.23035833333333,43.03305,19.681816666666666
validation,positive,positive_001.png,29188.0,738.8183224201202,173,173,1.0,48.83133333333333,203.7194,58.53845833333333,32.22763333333333
validation,inconclusive,inconclusive_003.png,36035.0,827.445739030838,218,169,1.2899408284023668,55.092758333333336,165.18535833333334,49.614533333333334,44.30190833333333
validation,inconclusive,inconclusive_001.png,25836.0,706.8183224201202,191,139,1.3741007194244603,74.37651666666666,169.72078333333334,32.17211666666667,26.558783333333334
validation,inconclusive,inconclusive_005.png,28828.0,788.1320307254791,251,118,2.1271186440677967,64.09288333333333,163.87070833333334,43.96265833333333,38.73088333333333
validation,inconclusive,inconclusive_004.png,35686.0,856.7005722522736,247,148,1.6689189189189189,66.545425,152.19205,47.55871666666667,42.802875
validation,inconclusive,inconclusive_002.png,34354.0,823.445739030838,235,150,1.5666666666666667,84.15109166666667,156.62258333333332,49.795858333333335,42.75106666666667
test,negative,negative_003.png,24421.0,680.6761870384216,178,141,1.2624113475177305,74.94835,167.961325,45.69144166666667,40.3912
test,negative,negative_001.png,35143.0,834.558436870575,229,157,1.4585987261146496,55.79866666666667,153.65411666666665,64.85736666666666,60.29750833333333
test,negative,negative_004.png,28709.0,740.8183224201202,198,149,1.3288590604026846,68.73300833333333,160.76873333333333,48.752833333333335,44.176433333333335
test,negative,negative_005.png,28682.0,793.445739030838,254,116,2.189655172413793,70.82843333333334,164.361925,53.131591666666665,47.271975
test,negative,negative_002.png,30287.0,762.4751765727997,207,150,1.38,76.03319166666667,159.12695,51.82950833333334,46.52985
test,positive,positive_005.png,34561.0,812.6173119544983,217,163,1.3312883435582823,46.564233333333334,200.28015,64.31936666666667,37.15878333333333
test,positive,positive_003.png,29625.0,764.2741661071777,211,144,1.4652777777777777,48.93935,203.92330833333332,60.781425,34.43225833333333
test,positive,positive_004.png,26846.0,722.2741661071777,185,149,1.2416107382550337,50.493066666666664,202.798575,52.58725833333333,30.421958333333333
test,positive,positive_002.png,34755.0,835.0437180995941,231,154,1.5,49.515766666666664,203.46781666666666,58.255658333333336,28.755325
test,positive,positive_001.png,28165.0,734.4751765727997,194,149,1.3020134228187918,50.77610833333333,203.844325,53.916133333333335,26.719991666666665
test,inconclusive,inconclusive_003.png,33126.0,806.2741661071777,225,151,1.490066225165563,80.95338333333333,166.89294166666667,53.119525,41.953291666666665
test,inconclusive,inconclusive_001.png,31573.0,788.2741661071777,219,148,1.4797297297297298,76.72845833333334,162.13220833333332,44.26616666666666,37.491725
test,inconclusive,inconclusive_005.png,30272.0,813.2447285652161,255,122,2.0901639344262297,51.5036,175.62493333333333,43.35276666666667,35.89868333333333
test,inconclusive,inconclusive_004.png,35548.0,860.357426404953,251,145,1.7310344827586206,91.40590833333333,168.2603,52.89946666666667,40.32550833333333
test,inconclusive,inconclusive_002.png,24946.0,697.64674949646,190,135,1.4074074074074074,83.51428333333334,190.6518,44.52619166666667,27.579983333333335
